code,en,es_la,Pt_br,ru,tk,zh_tw,zh
lets.span.classlineinstalkinsspan,,,,,,,
find.the.right.plan.for.your.organization.request.a.demo.and.start.managing.your.operations.and.engaging.your.community.today,,,,,,,
support,,,,,,,
have.questions.suggestions.or.feature.requests.let.us.know.what.we.can.do.to.improve.your.glue.up.experience,,,,,,,
event.management.suite,,,,,,,
contact.support,,,,,,,
sales,,,,,,,
ask.our.sales.team.about.pricing.or.our.solutions.and.we.can.show.you.our.platform.in.a.customized.demo.right.away,,,,,,,
contact.sales,,,,,,,
general.inquiries,,,,,,,
for.general.questions.potential.partnerships.or.media.inquiries.please.fill.in.the.below.form,,,,,,,
get.in.touch,,,,,,,
glue.up.office.locations,,,,,,,
glue.up.is.present.in.more.than.40.countries.and.has.offices.across.asia.europe.and.north.and.latin.america,,,,,,,
washington.dc,,,,,,,
1775.tysons.blvd.5th.floorbrtysons.va.22102,focking hell,,,,,,
contact,,,,,,,
beijing,,,,,,,
shanghai,,,,,,,
moscow,,,,,,,
hong.kong,,,,,,,
jakarta,,,,,,,
seoul,,,,,,,
kuala.lumpur,,,,,,,
manila,,,,,,,
singapore,,,,,,,
bangalore,,,,,,,
cape.town,,,,,,,
like.the.article.share.it.with.your.friends,,,,,,,
we.are.span.classlineinsglue.up.insspanbr.your.engagement.management.platform,,,,,,,
see.how.are.we.transforming.professional.communities.through.digital.solutions.focusing.on.automation.and.engagement,,,,,,,
to.span.classlineins.transform.insspan.the.way.professional.communities.enable.and.enrich.relationships,,,,,,,
how.glue.up.can.help,,,,,,,
how.we.got.here,,,,,,,
2013,,,,,,,
eventbank,,,,,,,
2015,,,,,,,
research,,,,,,,
2017,,,,,,,
development,,,,,,,
2018,,,,,,,
expansion,,,,,,,
2019,,,,,,,
recognition,,,,,,,
2020,,,,,,,
innovation,,,,,,,
august,,,,,,,
glue.up,,,,,,,
olivia.and.eric.launched.eventbank.to.create.an.event.management.software.that.could.help.automating.and.leveraging.the.data.from.their.events,,,,,,,
through.partnership.with.the.different.associations.and.chambers.of.commerce.eventbank.develops.its.award.winning.membership.management.module,,,,,,,
mobile.apps.bring.eventbank.all.in.one.functionalities.to.mobile.devices,,,,,,,
eventbank.expands.its.presence.through.apac.by.opening.offices.in.singapore.and.hong.kong.and.russia.via.joint.venture,,,,,,,
eventbank.is.recognized.as.leading.tech.company.in.washington.dc.area,,,,,,,
launched.new.community.engagement.modules,,,,,,,
because.paper.currency.is.for.noobs,,,,,,,
all.in.one.softwarebr.for.span.classlineins.growinginsspan.your.community,,,,,,,
glue.up.is.an.all.in.one.platform.that.helps.you.build.and.grow.your.community.through.events.memberships.crm.email.campaigns.finance.and.marketing.tools,,,,,,,
your.email,,,,,,,
get.started,,,,,,,
reimagine.operations.brtransform.engagement,,,,,,,
increase.productivity.and.simplify.whole.operations.from.a.to.z.with.solutions.that.not.only.meet.but.exceed.even.the.most.demanding.needs.of.you.and.your.community,,,,,,,
all.in.one,,,,,,,
powerful.solutions.that.have.all.tools.you.need.to.build.manage.engage.and.understand.every.member.of.your.community,,,,,,,
simple,,,,,,,
with.glue.up.everyone.just.gets.it.right.from.the.start.our.solutions.are.sophisticated.enough.to.meet.complex.needs.but.still.easy.to.use.for.everyone,,,,,,,
automated,,,,,,,
automate.repetitive.tasks.and.error.prone.workflows.use.saved.time.to.create.new.events.or.other.engaging.experiences,,,,,,,
all.in.one.solutions.for.every.team,,,,,,,
no.matter.your.needs.our.solutions.are.powerful.yet.flexible.to.empower.you.to.grow.your.organization.and.your.community,,,,,,,
plan.promote.execute.and.evaluate.all.of.your.events,,,,,,,
membership.management.suite,,,,,,,
retain.engage.and.grow.your.member.community,,,,,,,
virtual.events.management.suite,,,,,,,
monetize.and.enhance.your.online.events.and.webinars,,,,,,,
community.management.suite,,,,,,,
enable.your.community.to.thrive.and.amplify.engagement,,,,,,,
training.management.suite,,,,,,,
build.market.sell.and.analyze.courses.with.ease,,,,,,,
donations.management.suite,,,,,,,
coming.soon,,,,,,,
collect.and.manage.all.your.donations.effortlessly,,,,,,,
events,,,,,,,
scale.up.eventsbr.not.workload,,,,,,,
plan.promote.and.execute.one.or.hundreds.of.events.large.and.small.from.the.first.idea.to.attendee.follow.up.and.evaluate.with.surveys.after.your.event,,,,,,,
carol.li.rafferty,,,,,,,
managing.director.yale.center,,,,,,,
create.events.span.classlineins80insspan.faster.with.span.stylecolor0d62feglue.upspan,,,,,,,
memberships,,,,,,,
retain.engage.and.grow.your.community,,,,,,,
automate.your.membership.management.processes.maximize.retention.and.pamper.your.members.with.a.premium.experience.they.deserve,,,,,,,
we.are.very.pleased.with.the.simplicity.of.the.system.we.rarely.spend.time.training.staff.as.most.users.simply.get.it,,,,,,,
marcel.ewals,,,,,,,
director.community.development.mci.group,,,,,,,
with.span.stylecolor0d62feglue.upspan.members.stick.around.br.average.retention.rate.of.our.clients.is.span.classlineins.82insspan,,,,,,,
communities,,,,,,,
enable.your.community.to.thrive,,,,,,,
give.your.audience.a.digital.place.where.they.can.connect.with.you.and.your.mission.365.days.a.year.even.when.meeting.face.to.face.isnt.possible,,,,,,,
edward.ornelas,,,,,,,
president.ceo.inland.empire.regional.chamber.of.commerce,,,,,,,
capterra.top.20,,,,,,,
gdpr.compliance,,,,,,,
daily.backups,,,,,,,
we.host.hundreds.of.events.and.manage.tens.of.thousands.of.contacts.using.glue.up,,,,,,,
the.platforms.professional.look.and.ease.of.use.has.enabled.us.to.stand.out.as.a.premier.forum.for.convening.thought.leaders,,,,,,,
its.simple.and.fast.out.of.the.box.solution.we.now.have.4.client.accounts.running.on.glue.up.software,,,,,,,
many.great.features.under.one.umbrella,,,,,,,
from.crm.event.management.social.engagement.email.marketing.campaigns.invoicing.membership.management.financing.this.software.enables.you.run.your.business.effectively.and.efficiently,,,,,,,
dont.take.span.classlineins.our.word.insspan.for.it,,,,,,,
tasks,,,,,,,
get.work.span.classlineinsdone.insspan,,,,,,,
plan.organize.execute.and.evaluate.all.your.projects.from.one.platform,,,,,,,
collaborate.effectively,,,,,,,
manage.your.projects.and.your.teams.from.start.to.finish.get.things.done.from.an.idea.to.a.successful.completion,,,,,,,
do.it.all.from.one.place,,,,,,,
ultimate.toolkit.that.has.everything.you.and.your.community.needs.for.maximum.engagement,,,,,,,
automate.manual.tasks,,,,,,,
streamline.your.processes.and.become.the.best.version.of.yourself,,,,,,,
make.it.simple.for.everyone,,,,,,,
premium.user.experience.battle.tested.for.your.and.all.your.audiencess.absolute.comfort,,,,,,,
spend.less.time.planning,,,,,,,
collaborate.across.teams.on.multiple.projects.at.once.and.centralize.all.your.tasks.in.one.dashboard.for.easy.access,,,,,,,
task.lists,,,,,,,
kanban.boards,,,,,,,
custom.reminders,,,,,,,
push.notifications,,,,,,,
team.work,,,,,,,
keep.your.team.focused,,,,,,,
focus.on.your.projects.and.automate.manual.routine.tasks.that.might.be.slowing.down.your.progress,,,,,,,
workflow.automation,,,,,,,
calendar,,,,,,,
mentioning,,,,,,,
visualizations,,,,,,,
event.management,,,,,,,
simplify.event.planning,,,,,,,
optimize.the.lifecycle.of.your.offline.and.online.events.from.initial.planning.through.follow.up.to.surveys,,,,,,,
event.calendar,,,,,,,
event.pages,,,,,,,
email.campaigns,,,,,,,
ticketing.payments,,,,,,,
analytics,,,,,,,
make.smart.decisions,,,,,,,
stay.up.to.date.on.all.your.projects.with.automated.tracking.analytics.and.reports,,,,,,,
real.time.insights,,,,,,,
customizable.dashboards,,,,,,,
roles.permissions,,,,,,,
pl.reports,,,,,,,
membership.management,,,,,,,
dont.just.managebr.your.members.brspan.classlineins.engageinsspan.them,,,,,,,
increase.productivity.and.simplify.your.operations.with.the.software.that.helps.you.build.manage.and.engage.your.community.and.provides.you.deep.insights.on.every.member.of.your.community,,,,,,,
get.to.truly.know.every.member.of.your.community,,,,,,,
the.only.membership.software.which.helps.you.with.both.keeping.your.members.happy.and.with.generating.new.revenue.streams,,,,,,,
make.it.easy.for.everyone,,,,,,,
premium.user.experience.battle.tested.for.your.and.all.your.members.absolute.comfort,,,,,,,
engage.your.members,,,,,,,
gain.instant.visibility.into.engagement.and.performance.with.interactive.dashboards.and.profiles,,,,,,,
stay.engaged.anywhere,,,,,,,
you.and.your.members.are.doing.more.and.more.work.from.mobile.so.software.comes.with.two.mobile.apps.one.for.you.and.one.for.your.members,,,,,,,
membership.workflows,,,,,,,
automate.manual.processes,,,,,,,
automate.your.membership.management.processes.from.new.applications.through.events.to.renewals.to.maximize.retention.and.to.pamper.your.members.with.a.premium.experience.they.deserve,,,,,,,
automatic.reminders,,,,,,,
recurring.payments,,,,,,,
digital.applications,,,,,,,
customizable.workflows,,,,,,,
member.directory,,,,,,,
digitize.your.membership.directory.and.provide.your.community.with.instant.access.to.member.profiles.and.information.all.members.can.search.the.directory.via.the.web.platform.or.mobile.apps,,,,,,,
premium.listings,,,,,,,
tags.filters,,,,,,,
custom.roles.permissions,,,,,,,
easy.importexport,,,,,,,
member.lists.advanced.search,,,,,,,
personalize.your.communication,,,,,,,
keep.all.member.information.up.to.date.secure.and.centralized.in.one.place.automatically.easily.search.and.save.member.information.into.lists.so.you.can.utilize.the.data.across.the.platform,,,,,,,
automatically.segmented.lists,,,,,,,
easy.search,,,,,,,
smart.lists,,,,,,,
engagement.history,,,,,,,
member.application,,,,,,,
recruit.new.members.effortlessly,,,,,,,
provide.custom.online.application.forms.and.several.membership.types.with.custom.pricing.and.discounts.to.easily.bring.prospective.members.in.the.door,,,,,,,
custom.application.forms,,,,,,,
unlimited.membership.types,,,,,,,
discounts.coupons,,,,,,,
automated.invoices.receipts,,,,,,,
smart.lists.advanced.search,,,,,,,
personalize.your.approach,,,,,,,
easily.search.and.save.contacts.into.different.lists.so.you.can.personalize.your.marketing.activities.and.stay.targeted,,,,,,,
activate.your.data.to.unify.your.client.communications.strategy.and.stay.in.touch.with.everyone.critical.to.your.organizations.growth,,,,,,,
list.segmentation,,,,,,,
tags.and.filters,,,,,,,
committee.management,,,,,,,
glue.up.manager,,,,,,,
run.your.operations.from.span.classlineins.anywhere.insspan,,,,,,,
streamline.processes.and.manage.your.community.from.palm.of.your.hand.with.a.mobile.app.that.consolidates.all.your.operations.and.engagement,,,,,,,
the.everyday.app.for.successful.managers,,,,,,,
manage.registrations.member.sign.ups.and.renewals.collect.payments.and.facilitate.smooth.check.ins.to.carry.out.successful.events.with.an.app.that.comes.with.each.glue.up.solution,,,,,,,
do.it.all.from.one.app,,,,,,,
ultimate.mobile.app.that.has.everything.you.need.to.manage.your.community.anywhere.you.go,,,,,,,
operations.simplified,,,,,,,
premium.user.experience.battle.tested.for.your.absolute.comfort.our.ceo.uses.manager.up.daily.too,,,,,,,
never.miss.a.thing,,,,,,,
get.immediate.insights.into.your.communitys.activities.from.events.emails.finance.and.more.in.real.time,,,,,,,
maximize.attendee.experience,,,,,,,
manage.your.events.and.engage.with.your.attendees.even.at.multiple.events.at.the.same.time,,,,,,,
create.edit.events,,,,,,,
ticket.sales,,,,,,,
walk.in.registrations,,,,,,,
badge.design.printing,,,,,,,
seamless.qr.code.check.ins,,,,,,,
go.the.extra.milebr.for.your.members,,,,,,,
impact.your.members.while.you.are.waiting.in.a.cab.stuck.on.a.plane.at.hospital.or.anywhere.else.you.can.access.the.internet,,,,,,,
review.applications,,,,,,,
renewal.management,,,,,,,
membership.directory,,,,,,,
member.profile,,,,,,,
newsletters.updates,,,,,,,
go.the.brextra.mile.for.your.members,,,,,,,
team.management,,,,,,,
work.across.teams.on.multiple.projects.at.once.and.centralize.all.your.tasks.in.one.dashboard.for.easy.access,,,,,,,
understand.engagementbr.take.action,,,,,,,
stay.up.to.date.on.everything.you.have.going.on.with.automated.tracking.analytics.and.reports.in.real.time,,,,,,,
live.check.in.statistics,,,,,,,
project.management,,,,,,,
crm,,,,,,,
stay.in.the.span.classlineinsknowinsspanbralways,,,,,,,
centralize.all.your.data.in.one.place.and.get.deep.insights.into.your.community.so.you.can.understand.engagement.and.improve.your.campaigns,,,,,,,
discover.the.journey.of.every.person.in.your.community,,,,,,,
crm.built.for.engagement.that.helps.you.manage.all.your.contacts.and.generate.more.revenue,,,,,,,
do.it.all.from.one.platform,,,,,,,
manage.your.audiences.and.opportunities.with.easy.to.use.tools,,,,,,,
make.smarter.decisions,,,,,,,
gain.instant.visibility.into.engagement.with.interactive.dashboards.and.profiles,,,,,,,
stay.protected.at.all.times,,,,,,,
we.take.care.of.security.so.you.can.focus.on.serving.your.community,,,,,,,
contact.management,,,,,,,
manage.your.contacts.all.in.one,,,,,,,
streamline.your.processes.and.get.efficient.with.a.first.class.cloud.platform.that.consolidates.all.of.your.operations.and.engagement.with.your.contacts.in.one.place,,,,,,,
history.of.all.interactions,,,,,,,
easy.import,,,,,,,
automatic.synchronization,,,,,,,
labels.and.filters,,,,,,,
opportunities,,,,,,,
automate.your.sales.workflows,,,,,,,
drive.revenue.with.features.designed.to.help.you.close.more.deals.all.team.members.can.simultaneously.track.and.manage.opportunities.through.each.stage.of.the.sales.process,,,,,,,
sales.pipeline,,,,,,,
import.existing.deals,,,,,,,
custom.fields,,,,,,,
deal.stages,,,,,,,
leverage.every.sales.opportunity.by.assigning.tasks.to.team.members.efficiently.follow.up.on.every.lead.with.tracking.tools.based.on.individual.or.company.contact.profiles,,,,,,,
add.notes.files,,,,,,,
tasks.history,,,,,,,
contact.company.profile,,,,,,,
understand.engagement.across.activities,,,,,,,
grow.your.community.by.knowing.everything.about.your.contacts.and.organizations,,,,,,,
contact.company.profiles.show.activity.history.so.you.know.which.events.they.have.attended.what.emails.they.read.and.how.much.money.they.have.spent,,,,,,,
contact.insights,,,,,,,
finance.history,,,,,,,
automatic.sync,,,,,,,
website.solution,,,,,,,
get.a.brand.new.span.classlineinslookinsspan,,,,,,,
upgrade.your.online.presence.with.a.professional.mobile.responsive.website.that.seamlessly.integrates.with.your.glue.up.platform,,,,,,,
first.impressions.matter,,,,,,,
stay.connected.with.your.communities.and.use.your.website.to.build.greater.engagement,,,,,,,
go.live.in.a.week,,,,,,,
have.your.new.website.up.and.running.in.less.than.a.week.and.generate.additional.revenue,,,,,,,
feature.everything.automatically,,,,,,,
a.website.that.updates.itself.as.you.create.events.or.add.new.memberships.on.glue.up,,,,,,,
automation,,,,,,,
website.that.just.works,,,,,,,
feature.events.member.applications.and.other.things.you.create.with.glue.up.platform.to.your.website.visitors.in.real.time.without.updating.anything,,,,,,,
easy.setup,,,,,,,
seo.optimized,,,,,,,
job.boards,,,,,,,
mobile.friendly,,,,,,,
community.hub,,,,,,,
a.place.to.engage.and.exchange.knowledge,,,,,,,
give.your.community.a.digital.place.where.they.can.share.their.ideas.discuss.various.topic.and.stay.social.even.when.meeting.in.person.is.not.an.option,,,,,,,
live.feed,,,,,,,
public.private.groups,,,,,,,
announcements,,,,,,,
engagement,,,,,,,
do.more.than.whats.expected,,,,,,,
digitize.all.processes.and.deliver.premium.experience.your.community.deserves,,,,,,,
member.only.content,,,,,,,
people.profiles,,,,,,,
latest.news,,,,,,,
admin,,,,,,,
stay.in.charge,,,,,,,
you.are.the.boss.of.your.website.easily.update.your.website.or.add.new.pages.ads.or.job.listings.anytime,,,,,,,
cms.training,,,,,,,
ssl.certificate,,,,,,,
monetization.tools,,,,,,,
finance.payments,,,,,,,
automate.all.yourbrfinance.processes.and.span.classlineins.grow.insspan.revenue,,,,,,,
manage.invoices.deliver.receipts.grow.revenue.and.accept.payments.in.multiple.currencies.with.credit.cards.bank.transfers.or.other.online.payments,,,,,,,
a.complete.finance.toolkit,,,,,,,
streamline.the.entire.transaction.experience.for.your.organization.and.for.every.member.of.your.community,,,,,,,
simplify.all.payment.processes.from.beginning.to.end.without.compromising.on.security,,,,,,,
stay.on.top.of.your.financials,,,,,,,
with.the.mobile.app.you.can.access.pl.and.other.financial.reports.from.anywhere,,,,,,,
collect.money,,,,,,,
drive.revenue.in.multiple.currencies,,,,,,,
meet.the.needs.of.your.community.by.accepting.payments.in.100.currencies.including,,,,,,,
us.dollar.chinese.rmb.hong.kong.dollar.euro.taiwan.dollar.singapore.dollar.malaysian.ringgit,,,,,,,
british.pound.south.korean.won.japanese.yen.indonesian.rupiah.indian.rupee.russian.ruble.and.other.currencies,,,,,,,
multi.currency.support,,,,,,,
local.payment.methods,,,,,,,
in.person.payments,,,,,,,
dispute.handling,,,,,,,
security,,,,,,,
enable.secure.smooth.payments,,,,,,,
facilitate.easy.secure.payments.with.online.digital.payment.gateways.credit.cards.and.bank.transfers.over.encrypted.ssl.connections,,,,,,,
credit.card.numbers.and.other.electronic.financial.data.are.not.stored.in.any.form,,,,,,,
ssl.protected,,,,,,,
gdpr.compliant,,,,,,,
pci.dss.certified,,,,,,,
financial.journey,,,,,,,
manage.your.finances.effortlessly,,,,,,,
automate.your.complete.financial.journey.from.online.payments.through.ticketing.and.invoice.generation.all.the.way.until.your.taxes.are.due,,,,,,,
automatic.invoicing,,,,,,,
custom.reminders.notifications,,,,,,,
customizable.tax.setup,,,,,,,
coupons.discounts,,,,,,,
analytics.reports,,,,,,,
centralize.and.track.all.payments,,,,,,,
keep.your.payment.processing.centralized.in.one.place.stay.up.to.date.on.all.your.online.and.offline.revenue.streams.with.automated.tracking.analytics.and.reports,,,,,,,
real.time.analytics,,,,,,,
easy.export,,,,,,,
payment.gateways,,,,,,,
let.your.community.pay.the.way.they.like,,,,,,,
enable.your.community.to.pay.you.securely.and.conveniently.using.their.preferred.credit.debit.or.prepaid.cards,,,,,,,
via.bank.transfer.digital.wallets.mobile.money.or.cash.thanks.to.our.wide.payment.gateway.oferring,,,,,,,
alipay,,,,,,,
mainland.china.hong.kong,,,,,,,
braintree,,,,,,,
globally,,,,,,,
flutterwave,,,,,,,
mpesa.across.the.african.continent,,,,,,,
globalpayment,,,,,,,
inicis,,,,,,,
korea,,,,,,,
instamojo,,,,,,,
india,,,,,,,
paymaya,,,,,,,
the.philippines,,,,,,,
paypal,,,,,,,
payfort,,,,,,,
united.arab.emirates.egypt.saudi.arabia.jordan.lebanon.and.qatar,,,,,,,
paygage,,,,,,,
usa.and.canada,,,,,,,
stripe,,,,,,,
wechat.pay,,,,,,,
yandex,,,,,,,
yeepay,,,,,,,
advanced.integrations,,,,,,,
maximize.your.financial.workflows,,,,,,,
save.time.and.eliminate.manual.tasks.by.connecting.glue.up.to.your.favorite.accounting.software,,,,,,,
quickbooks,,,,,,,
get.a.full.accounting.experience.by.combining.the.best.of.glue.ups.all.in.one.engagement.management.software.with.easy.plugplay.quickbooks.integration.that.can.be.set.up.in.a.few.clicks,,,,,,,
xero,,,,,,,
synchronize.and.update.your.invoices.from.both.apps.collect.tickets.and.memberships.as.line.items.and.manage.both.finance.systems.effortlessly,,,,,,,
community,,,,,,,
helping.you.build.brspan.classlineins.stronger.insspan.communities,,,,,,,
connecting.with.your.community.is.more.important.than.ever.enable.them.to.thrive.no.matter.where.they.are.with.the.most.powerful.community.solution.on.the.market,,,,,,,
business.never.sleepsbr.neither.will.your.community,,,,,,,
give.your.community.a.place.where.they.can.connect.with.you.and.your.mission.365.days.a.year.even.when.meeting.face.to.face.isnt.possible,,,,,,,
reach.people.where.they.are,,,,,,,
one.app.for.you.to.manage.everything.on.the.go.and.one.app.for.your.community.to.stay.connected,,,,,,,
comments.discussions,,,,,,,
social.sharing,,,,,,,
spark.discussions.in.open.or.private.groups,,,,,,,
make.it.easy.for.everyone.to.find.like.minded.people.and.topics.that.matter.to.them.so.they.can.network.with.each.other.and.exchange.their.opinions,,,,,,,
custom.reactions,,,,,,,
digital.business.cards,,,,,,,
help.business.happen,,,,,,,
enable.your.community.to.create.and.share.their.own.digital.business.cards.manage.their.contacts.and.effectively.network.with.everyone.no.matter.where.they.are,,,,,,,
personal.qr.codes,,,,,,,
available.on.all.devices,,,,,,,
business.card.scanner,,,,,,,
stored.in.individual.crm,,,,,,,
conversations,,,,,,,
let.people.talk,,,,,,,
make.it.your.business.to.enable.everyone.in.your.community.develop.lasting.relationships.with.you.and.each.other.via.1.on.1.chats.with.option.to.share.business.card,,,,,,,
1.on.1.direct.chat,,,,,,,
gifs.and.emojis,,,,,,,
media.location.sharing,,,,,,,
custom.privacy.settings,,,,,,,
set.the.rules.of.engagement,,,,,,,
you.are.the.boss.of.the.engagement.create.and.manage.different.groups.allow.and.restrict.access.or.offer.greater.functionalities.to.paying.members.of.your.community,,,,,,,
content.moderation,,,,,,,
advanced.filters,,,,,,,
post.announcement,,,,,,,
manage.your.events.span.classlineinsall.in.oneinsspan,,,,,,,
take.care.of.the.whole.event.lifecycle.of.your.online.and.offline.events.from.the.first.idea.to.follow.up.with.one.platform,,,,,,,
own.your.events.at.every.stage,,,,,,,
from.small.workshops.and.webinars.to.multi.day.summits.with.thousands.of.attendees.glue.ups.automated.events.platform.makes.event.planning.faster.and.more.efficient.for.the.whole.team,,,,,,,
before,,,,,,,
create,,,,,,,
ready.set.go.brthat.easy,,,,,,,
set.up.one.or.hundred.high.converting.event.pages.without.compromising.on.your.branding,,,,,,,
create.custom.registration.forms.activate.supported.payment.options.add.speakers.and.agenda.all.in.just.a.few.clicks,,,,,,,
event.website.builder,,,,,,,
custom.registration.forms,,,,,,,
event.blueprint.duplication,,,,,,,
online.ticketing.payments,,,,,,,
event.templates,,,,,,,
promote,,,,,,,
tell.the.world.brabout.your.event,,,,,,,
streamline.your.event.marketing.and.send.newsletters.branded.event.invitations.and.other.emails.to.targeted.audiences,,,,,,,
share.your.event.page.on.your.website.or.social.media.channels.for.even.more.exposure,,,,,,,
branded.event.invitations,,,,,,,
automated.notifications,,,,,,,
social.media.integrations,,,,,,,
drag.drop.email.editor,,,,,,,
during,,,,,,,
check.in,,,,,,,
make.first.impressions.memorable,,,,,,,
remind.attendees.about.the.event.with.push.notifications.and.automatic.reminders,,,,,,,
then.welcome.them.online.at.your.virtual.or.physical.event.with.smooth.check.ins.and.provide.badges.or.digital.business.cards,,,,,,,
qr.code.check.ins,,,,,,,
custom.notifications,,,,,,,
agenda.maps.bios,,,,,,,
event.documents,,,,,,,
manage,,,,,,,
know.how.you.do.brin.real.time,,,,,,,
track.attendance.sponsorship.sales.profit.loss.from.each.event.and.performance.of.your.event.campaigns.from.anywhere,,,,,,,
profit.loss.reports,,,,,,,
live.check.in.metrics,,,,,,,
walk.in.attendees,,,,,,,
exhibitor.management,,,,,,,
engage,,,,,,,
exceed.attendes.expectations,,,,,,,
enable.your.event.community.to.create.and.share.their.own.digital.business.cards,,,,,,,
manage.their.contacts.and.effectively.network.with.everyone.before.during.and.after.your.physical.and.online.events,,,,,,,
attendee.chat,,,,,,,
individual.crm,,,,,,,
business.card.exchange,,,,,,,
event.rooms,,,,,,,
glue.up.mobile.app,,,,,,,
after,,,,,,,
follow.up,,,,,,,
ask.for.feedback,,,,,,,
easily.create.surveys.quizzes.and.polls.to.measure.and.understand.feedback.so.you.can.improve.your.events,,,,,,,
unlimited.questions,,,,,,,
expert.written.templates,,,,,,,
survey.logic,,,,,,,
tracking.analytics,,,,,,,
evaluate,,,,,,,
understand.the.impact.brof.your.events,,,,,,,
analyze.your.performance.with.powerful.dashboards.and.reports.to.get.insights.into.your.attendees.activity.from.events.email.marketing.sales.or.finance,,,,,,,
roi.insights,,,,,,,
email.analytics,,,,,,,
automatic.invoices.receipts,,,,,,,
scale.up,,,,,,,
get.better.brand.go.again,,,,,,,
convert.your.most.successful.events.into.templates,,,,,,,
make.quick.edits.and.host.new.events.with.similar.registration.processes.pricing.sponsors.and.invite.new.and.previous.atteendees.to.save.even.more.time,,,,,,,
easy.event.duplication,,,,,,,
glue.up.crm,,,,,,,
multi.language.support,,,,,,,
event.blueprints,,,,,,,
opportunities.pipeline,,,,,,,
ready.set.go.that.easy,,,,,,,
online.events,,,,,,,
monetize.enhance.bryour.webinars,,,,,,,
run.webinars.and.other.online.events.from.an.all.in.one.platform.provide.premium.and.seamless.experience.to.attendees.and.marketing.exposure.to.your.sponsors.and.partners,,,,,,,
premium.branding.options,,,,,,,
sponsor.promotion,,,,,,,
attendeee.chat,,,,,,,
webinar.documents,,,,,,,
learn.more.about.associations.and.glue.up,,,,,,,
an.all.in.one.solution.that.helps.you.save.time.and.focus.on.your.mission.while.keeping.everybody.on.the.same.page,,,,,,,
my.glue,,,,,,,
enable.your.community.to.engage.span.classlineins.anywhere.insspan,,,,,,,
give.your.attendees.and.members.an.easy.way.to.engage.network.and.receive.important.information.no.matter.where.they.are,,,,,,,
all.in.one.mobile.app,,,,,,,
user.friendly.mobile.app.for.your.communities.that.comes.with.every.glue.up.solution,,,,,,,
a.single.mobile.app.that.has.everything.your.community.needs.for.maximum.engagement,,,,,,,
premium.user.experience.battle.tested.for.your.attendees.and.members.absolute.comfort,,,,,,,
activate.engagement,,,,,,,
give.your.community.a.digital.place.where.they.can.share.their.ideas.and.stay.social.even.when.meeting.in.person.is.not.possible,,,,,,,
keep.your.attendees.up.to.date.at.all.times.during.your.physical.and.virtual.events.and.give.them.means.to.build.relationships.and.stay.connected.from.anywhere,,,,,,,
session.documentsbr.presentations,,,,,,,
speaker.bios.and.maps,,,,,,,
live.event.walls,,,,,,,
seamless.brqr.code.check.ins,,,,,,,
providebr.extra.value.to.members,,,,,,,
spoil.your.members.like.never.before.with.an.all.in.one.app.that.lets.them.get.most.of.their.memberships.from.palm.of.their.hand,,,,,,,
member.profile.membership.card,,,,,,,
newsletters.notifications,,,,,,,
make.it.your.business.to.enable.everyone.in.your.community.develop.lasting.relationships.with.you.and.each.other,,,,,,,
1.on.1.chats,,,,,,,
contact.profile,,,,,,,
showcase.sponsors,,,,,,,
increase.revenue,,,,,,,
monetize.the.app.by.giving.your.sponsors.in.app.visibility.with.banner.ads.profiles.and.push.notifications,,,,,,,
sponsor.br.exhibitor.profiles,,,,,,,
membershipbr.exhibitor.directory,,,,,,,
push.brnotifications,,,,,,,
roi.tracking,,,,,,,
white.label.app,,,,,,,
make.my.glue.your.own,,,,,,,
create.a.unified.and.engaging.experience.aligned.with.your.branding.requirements.for.all.of.your.events,,,,,,,
custom.login.screen,,,,,,,
fonts.colours,,,,,,,
logos,,,,,,,
customizable.layouts,,,,,,,
book.a.demo,,,,,,,
training.management,,,,,,,
run.span.classlineinsbetter.insspanbr.training.programs,,,,,,,
manage.and.scale.up.your.trainings.and.certification.courses.easily,,,,,,,
transform.your.training.programs,,,,,,,
automate.repetitive.tasks.so.you.can.get.back.to.scaling.up.your.courses.and.engaging.your.attendees,,,,,,,
registrations,,,,,,,
collect.money.registrations.easily,,,,,,,
accept.and.manage.online.registrations.payments.and.invoicing.for.your.online.and.offline.cpd.courses.and.events.automatically,,,,,,,
multiple.currencies,,,,,,,
easy.refund.management,,,,,,,
online.offline.events,,,,,,,
course.duplication,,,,,,,
marketing,,,,,,,
sell.out.your.courses,,,,,,,
increase.sales.with.sophisticated.marketing.tools.that.help.you.get.more.registrations.and.accelerate.your.branding.value,,,,,,,
social.media.plug.ins,,,,,,,
website.widgets,,,,,,,
glue.up.attendee.app,,,,,,,
understand.your.performance,,,,,,,
gain.instant.insights.into.profitability.of.your.courses.and.engagement.of.your.contacts.and.organizations.across.all.of.your.activities.in.one.place,,,,,,,
cpd.reporting.info,,,,,,,
certificates,,,,,,,
create.stunning.certificates,,,,,,,
design.and.issue.great.looking.certificates.for.attendees.that.meet.the.criteria.and.automate.their.distribution.with.easy.to.use.editor,,,,,,,
certificate.editor,,,,,,,
cpdcpe.credits.tracking,,,,,,,
archive,,,,,,,
integrations,,,,,,,
make.great.even.span.classlineins.better.insspan,,,,,,,
connect.the.tools.you.love.and.use.every.day.with.glue.up.platform.or.built.your.own.connections.with.our.api.to.maximize.your.workflows,,,,,,,
become.even.more.efficient,,,,,,,
powerful.apis.widgets.and.integrations.to.acquire.engage.and.retain.more.customers.as.well.as.to.manage.your.data.without.complexities,,,,,,,
step.up.your.automation,,,,,,,
save.time.and.eliminate.manual.tasks.by.connecting.glue.up.to.your.favorite.software.with.easy.plug.play.integrations,,,,,,,
zoom,,,,,,,
run.all.your.online.and.offline.events.with.ease.by.integrating.zoom.with.glue.up.for.the.best.attendee.experience.possible,,,,,,,
salesforce,,,,,,,
sync.contact.and.deals.data.from.all.activities.you.run.on.glue.up.and.streamline.workflows.for.sales.marketing.and.support,,,,,,,
powerful.api,,,,,,,
build.something.on.your.own,,,,,,,
integrate.glue.up.features.into.your.own.application.or.website.in.a.fast.easy.and.secure.way.using.our.powerful.apis,,,,,,,
detailed.api.documentation,,,,,,,
subdomain.access,,,,,,,
tech.support,,,,,,,
widgets,,,,,,,
showcase.glue.up.data.automatically,,,,,,,
feature.the.important.data.such.as.events.membership.directory.applications.and.other.things.you.create.with.glue.up.platform.to.your.website.visitors.in.real.time.with.easy.to.use.widgets,,,,,,,
event.widgets,,,,,,,
membership.widgets,,,,,,,
subscription.widgets,,,,,,,
login.widgets,,,,,,,
surveys,,,,,,,
measure.and.brspan.classlineinsunderstand.insspan.feedback,,,,,,,
easily.create.surveys.quizzes.and.polls.for.different.audiences.to.gather.and.analyze.their.opinions.and.preferences,,,,,,,
learn.more.about.your.communities,,,,,,,
listen.to.your.customers.and.get.their.opinions.on.any.topic,,,,,,,
easy.to.use,,,,,,,
create.surveys.of.any.kind.in.a.few.simple.clicks,,,,,,,
dashboard.insights,,,,,,,
gain.instant.visibility.into.surveys.results.with.interactive.dashboards.and.profiles,,,,,,,
ask.even.faster,,,,,,,
use.available.templates.prepared.by.professionals.to.save.even.more.time,,,,,,,
ask.your.community.anything,,,,,,,
from.event.feedback.through.industry.studies.to.food.preferences.you.can.ask.your.audiences.anything.you.want,,,,,,,
unlimited.question.types,,,,,,,
event.feedback,,,,,,,
nps,,,,,,,
member.satisfaction.surveys,,,,,,,
brand.awareness.research,,,,,,,
collect.all.data.automatically,,,,,,,
all.survey.replies.are.stored.together.with.other.information.from.the.respondents.and.automatically.synchronized.so.you.can.see.the.big.picture,,,,,,,
flexible,,,,,,,
customised.branding,,,,,,,
real.time.reports,,,,,,,
templates,,,,,,,
create.different.types.of.surveys,,,,,,,
save.time.by.choosing.any.of.our.survey.templates.prepared.by.certified.professionals.add.your.own.questions.and.create.different.surveys.to.get.the.answers.you.need.to.make.better.decisions,,,,,,,
opinion.polls,,,,,,,
expert.template.design,,,,,,,
insights,,,,,,,
consolidate.and.understand.feedback,,,,,,,
analyze.information.you.collect.faster.with.easy.to.use.dashboards.or.export.it.so.you.can.take.further.action,,,,,,,
control.how.collected.data.is.shared.and.ensure.that.data.is.both.accessible.and.secure,,,,,,,
send.span.classlineinsbetter.insspan.campaigns,,,,,,,
personalize.your.communications.and.grow.your.organization.with.branded.email.campaigns.newsletters.and.event.invitations.that.can.be.built.and.sent.in.few.clicks,,,,,,,
create.and.send.emails.to.connect.with.your.community,,,,,,,
whether.youre.welcoming.new.members.or.promoting.your.events.you.can.send.any.kind.of.email.campaigns.with.great.looks.in.just.a.few.clicks,,,,,,,
custom.email.creator,,,,,,,
make.your.emails.stand.out,,,,,,,
use.a.simple.drag.and.drop.editor.or.your.own.custom.html.code.to.create.custom.templates.with.your.own.branding,,,,,,,
drag.drop.html.editor,,,,,,,
custom.branding,,,,,,,
send.push.notifications,,,,,,,
email.templates,,,,,,,
scale.up.your.email.marketing,,,,,,,
save.time.with.professional.branded.templates.to.deliver.messages.that.drive.engagement.preview.emails.before.they.go.out.to.ensure.your.messaging.is.exactly.the.way.you.like,,,,,,,
newsletters,,,,,,,
email.marketing.automation,,,,,,,
event.invitations,,,,,,,
membership.journey.emails,,,,,,,
subscription.lists.website.widgets,,,,,,,
grow.your.community,,,,,,,
deliver.personalized.communications.with.tailored.subscriptions.lists.acquire.more.subscribers.by.embedding.custom.email.sign.up.forms.anywhere.on.the.web,,,,,,,
subscription.management,,,,,,,
sign.up.widgets,,,,,,,
suppression.management,,,,,,,
learn.what.emails.work.best,,,,,,,
optimize.the.success.of.your.outreach.analyze.metrics.and.monitor.the.performance.of.your.email.campaigns.together.with.other.insights.available.in.each.contacts.profile,,,,,,,
email.statistics,,,,,,,
bounce.management,,,,,,,
dedicated.ip.address,,,,,,,
stay.protectedbr.at.span.classlineins.all.times.insspan,,,,,,,
your.and.your.communities.security.is.our.top.priority,,,,,,,
development.philosphy,,,,,,,
customer.satisfaction.is.our.highest.priority.and.we.are.working.tirelessly.to.not.only.meet.but.span.classlineins.exceed.insspan.our.clients.expectations,,,,,,,
these.are.our.guiding.principles.on.our.mission.to.transform.our.clients.communities.around.the.world.and.ultimately.provide.solutions.that.are.flexible.scalable.and.efficient,,,,,,,
users.first,,,,,,,
operations.before.features,,,,,,,
be.bold.code.safe,,,,,,,
open.feedback,,,,,,,
you.can.count.on.us,,,,,,,
focus.on.growing.and.engaging.your.community.while.we.take.care.of.the.security,,,,,,,
product.updates,,,,,,,
it.gets.better.every.week,,,,,,,
glue.up.solutions.are.constantly.evolving.and.improving.we.release.new.features.updates.and.bug.fixes.every.week.so.you.can.have.better.experience.with.our.software.everytime.you.log.in,,,,,,,
servers,,,,,,,
all.servers.that.run.glue.up.software.in.production.are.recent.continuously.patched.linux.systems.following.the.latest.industry.standards,,,,,,,
depending.on.domain.your.account.is.on.your.data.is.stored.following.specific.regulations.in.a.given.country.i.e.gdpr.or.china.cybersecurity.law,,,,,,,
storage.encryption,,,,,,,
glue.up.stores.document.data.such.as.metadata.activity.original.files.and.customers.data.in.different.locations.while.also.compiling.and.generating.documents.when.requested,,,,,,,
all.data.in.each.location.is.encrypted.at.rest.with.aes.256.and.sophisticated.encryption.keys.management,,,,,,,
customer.payment.information,,,,,,,
glue.up.integrates.with.many.payment.gateways.all.of.which.are.compliant.with.pci.dss.and.does.not.process.store.or.transmit.any.payment.card.data,,,,,,,
system.monitoring.and.alerting,,,,,,,
the.production.application.and.underlying.infrastructure.components.are.monitored.247365.days.a.year.by.dedicated.monitoring.systems,,,,,,,
critical.alerts.generated.by.these.systems.are.sent.to.247365.on.call.devops.team.members.and.escalated.appropriately.to.operations.management,,,,,,,
service.levels.and.backups,,,,,,,
glue.up.infrastructure.utilizes.many.layered.techniques.for.increasingly.reliable.uptime.99.9,,,,,,,
including.the.use.of.auto.scaling.load.balancing.task.queues.and.rolling.deployments.we.do.full.daily.automated.backups.of.our.databases.all.backups.are.encrypted,,,,,,,
vulnerability.testing,,,,,,,
web.application.security.is.evaluated.by.the.development.team.in.sync.with.the.application.release.cycle,,,,,,,
this.vulnerability.testing.includes.the.use.of.commonly.known.web.application.security.toolkits.and.scanners.to.identify.application.vulnerabilities.before.they.are.released.into.production,,,,,,,
file.not.found,,,,,,,
span.styletext.decoration.line.throughforspan.oh.four.brwe.are.very.sorry.lets.try.to.find.something.for.you,,,,,,,
eventbank.is.now.span.classlineinsglue.upinsspan,,,,,,,
span.classlineins.transform.insspan.the.way.professional.communities.enable.and.enrich.relationships,,,,,,,
what.does.not.change,,,,,,,
what.is.changing,,,,,,,
our.new.name,,,,,,,
our.new.visual.identity,,,,,,,
our.website,,,,,,,
what.changes.for.you.as.client,,,,,,,
what.will.change.for.the.users,,,,,,,
how.will.this.affect.my.organization,,,,,,,
what.visible.changes.will.there.be.on.the.platform,,,,,,,
login.information,,,,,,,
update.your.api,,,,,,,
how.to.communicate.this.change.with.my.members.attendees.and.other.stakeholders,,,,,,,
glue.up.logo,,,,,,,
mobile.apps,,,,,,,
what.happens.with.my.published.events,,,,,,,
what.happens.if.i.have.linked.certain.pages.of.eventbank.on.my.website,,,,,,,
what.happens.if.i.have.integrated.other.apps.such.as.xero.quickbooks.zoom.or.google.analytics,,,,,,,
what.if.i.am.using.an.eventbank.sender.domain.i.e.infocompanyname.eventbankmail.com,,,,,,,
what.should.i.tell.my.membersregistered.attendeesother.stakeholders,,,,,,,
what.if.i.am.using.api,,,,,,,
what.will.happen.to.my.contract.with.eventbank,,,,,,,
i.am.a.member.of.an.organization.what.happens.to.my.profile,,,,,,,
i.have.registered.for.an.event.what.happens.to.my.future.and.past.event.registrations,,,,,,,
case.span.classlineins.studies.insspan,,,,,,,
find.out.why.customers.stick.with.glue.up,,,,,,,
lets.do.business.span.classlineins.together.insspan,,,,,,,
become.referral.or.reseller.partner.and.start.earning.great.commissions.for.helping.us.spread.glue.up.throughout.the.world,,,,,,,
become.part.of.global.success,,,,,,,
drive.additional.revenue.from.existing.customers.while.attracting.new.business.with.your.expanded.service.offering,,,,,,,
all.in.one.solutions,,,,,,,
ultimate.toolkit.that.has.everything.clients.need.to.run.successful.events.manage.their.memberships.and.more,,,,,,,
two.free.mobile.apps,,,,,,,
one.app.for.clients.to.manage.their.operations.from.anywhere.and.one.app.for.their.community.to.stay.connected,,,,,,,
super.simple.for.everyone,,,,,,,
premium.user.experience.battle.tested.for.your.and.all.your.attendees.absolute.comfort,,,,,,,
who.is.the.right.partner,,,,,,,
our.partners.come.from.diverse.backgrounds,,,,,,,
they.range.from.individual.consultants.to.event.and.marketing.agencies.to.chambers.of.commerce.association.management.companies.or.other.software.companies,,,,,,,
what.makes.our.product.special,,,,,,,
a.successful.partnership.starts.with.a.product.that.works.for.both.you.and.your.clients,,,,,,,
not.only.do.our.award.winning.solutions.amplify.engagement.they.streamline.operations.for.organizations.of.all.sizes,,,,,,,
what.types.of.partnership.do.you.offer,,,,,,,
reseller.program,,,,,,,
the.reseller.program.is.for.organizations.who.can.handle.the.complete.sales.life.cycle.and.want.to.sell.our.solutions,,,,,,,
referral.program,,,,,,,
the.referral.program.is.for.organizations.who.can.recommend.prospective.clients.but.would.want.glue.up.teeam.to.handle.the.sales.cycle,,,,,,,
application,,,,,,,
1.2.3.brsigning.up.is.that.easy,,,,,,,
apply,,,,,,,
complete.one.of.the.applications.for.the.appropriate.partnership.program.listed.above.and.well.schedule.a.call.with.you.within.a.week.to.discuss.next.steps,,,,,,,
sign.an.agreement,,,,,,,
once.the.appropriate.contract.is.signed.well.begin.the.onboarding.process.as.soon.as.possible,,,,,,,
start.collecting.commissions,,,,,,,
with.the.help.of.your.dedicated.partner.manager.well.get.you.onboarded.and.trained.quickly,,,,,,,
you.can.begin.closing.deals.enabling.customers.and.collecting.commissions.in.no.time,,,,,,,
1.2.3.signing.up.is.that.easy,,,,,,,
turn.the.page,,,,,,,
donations.fundraising.ngos,,,,,,,
professional.training.and.learning,,,,,,,
monetize.and.span.classlineinsenhance.insspan.your.online.events,,,,,,,
provide.attendees.with.premium.and.seamless.experience.that.gives.them.access.to.presentations.agenda.as.well.as.ability.to.connect.and.chat.with.each.other.during.live.events,,,,,,,
run.webinars.attendees.will.remember,,,,,,,
plan.promote.execute.and.evaluate.one.or.hundreds.of.engaging.virtual.events.from.start.to.finish,,,,,,,
ultimate.virtual.event.management.toolkit.that.has.everything.you.need.to.run.successful.webinars,,,,,,,
engage.virtually,,,,,,,
make.your.online.events.stand.out.and.offer.premium.networking.options.for.your.attendees,,,,,,,
make.it.super.simple.for.everyone,,,,,,,
virtual.event.setup,,,,,,,
ready.set.stream.its.that.easy,,,,,,,
create.breath.taking.event.pages.send.out.event.invitations.and.remind.your.attendees.of.your.webinars.effortlessly.in.a.few.simple.steps,,,,,,,
event.website.builder.blueprints,,,,,,,
partner.promotion,,,,,,,
customers.who.started.running.their.webinars.on.span.stylecolor0d62feglue.upspan.are.reporting.span.classlineins58insspan.increase.in.revenue.from.online.events,,,,,,,
attendee.experience,,,,,,,
spark.discussions.and.turn.webinars.into.experiences,,,,,,,
unlimited.commenting,,,,,,,
on.average.span.stylecolor0d62feglue.upspan.customers.see.span.classlineins2xinsspan.increase.in.attendee.registrations.compared.to.their.physical.events,,,,,,,
online.engagement,,,,,,,
help.business.happen.at.your.online.events,,,,,,,
enable.your.attendees.to.create.and.share.their.own.digital.business.cards.manage.connections.they.make.and.effectively.network.with.everyone.no.matter.where.they.are,,,,,,,
media.sharing,,,,,,,
admin.control,,,,,,,
your.webinars.your.branding,,,,,,,
you.are.in.charge.of.the.looks.and.engagement,,,,,,,
tweak.event.pages.create.and.manage.different.groups.allow.and.restrict.access.or.offer.greater.functionalities.to.paying.members.of.your.community,,,,,,,
custom.branding.settings,,,,,,,
customers.span.classlineinsstickinsspan.with.glue.up,,,,,,,
event.br.management.suite,,,,,,,
virtual.event.management,,,,,,,
invoicing.payments,,,,,,,
learn.more.about.virtual.events.and.glue.up,,,,,,,
whats.included,,,,,,,
streamline.training.operations.span.classlineinsall.in.oneinsspan,,,,,,,
build.market.sell.and.analyze.courses.and.events.of.any.kind.with.ease,,,,,,,
scale.up.your.training.management,,,,,,,
automate.repetitive.tasks.so.you.can.get.back.to.growing.your.courses.and.engaging.your.attendees,,,,,,,
an.all.in.one.training.software.that.helps.you.plan.create.manage.and.evaluate.every.course.you.run,,,,,,,
one.app.for.you.to.manage.your.operations.and.one.app.for.your.community.to.stay.connected.anywhere,,,,,,,
premium.user.experience.battle.tested.for.your.and.your.communitys.absolute.comfort,,,,,,,
programming,,,,,,,
run.one.or.hundred.courses.from.a.to.z,,,,,,,
create.beautiful.event.pages.optimized.for.maximum.conversion.that.match.your.branding,,,,,,,
set.up.vip.and.other.tickets.offer.coupons.or.member.pricing.choose.supported.payment.options,,,,,,,
customize.the.registration.form.to.collect.all.the.information.you.need.in.the.glue.up.crm,,,,,,,
monetize.enhance.your.webinars,,,,,,,
run.webinars.and.other.online.courses.and.provide.your.attendees.with.a.premium.and.seamless.experience,,,,,,,
give.them.access.to.presentations.agenda.as.well.as.ability.to.connect.and.chat.with.other.attendees,,,,,,,
create.courses.span.classlineins80insspan.faster.with.span.stylecolor0d62feglue.upspan,,,,,,,
certification,,,,,,,
manage.certificates.worry.free,,,,,,,
drag.drop.certificate.editor,,,,,,,
streamline.your.email.marketing.and.increase.sales.with.sophisticated.marketing.tools.that.help.you.get.more.registrations.and.increase.brand.awareness,,,,,,,
branded.email.campaigns,,,,,,,
from.professional.associations.and.non.profits.to.large.training.companies.with.multiple.offices,,,,,,,
our.clients.in.50.countries.around.the.world.love.scaling.up.their.courses.and.engaging.their.audiences.with.glue.up,,,,,,,
mobile,,,,,,,
manage.your.events.on.the.go,,,,,,,
oversee.operations.from.anywhere,,,,,,,
manage.registrations.collect.payments.engage.with.attendees.and.facilitate.smooth.check.ins.to.carry.out.successful.courses.and.online.events,,,,,,,
built.in.ticket.scanner,,,,,,,
free.manager.up.app,,,,,,,
understand.engagement.and.take.action,,,,,,,
make.smarter.decisions.with.real.time.data.from.events.email.marketing.and.finance,,,,,,,
contact.information,,,,,,,
membership.status.and.renewals,,,,,,,
opportunities.management,,,,,,,
training.br.management.suite,,,,,,,
cpecpd.credits,,,,,,,
learn.more.about.training.management.and.glue.up,,,,,,,
business.never.sleeps.neither.will.span.classlineinsyour.communityinsspan,,,,,,,
the.future.of.membership.engagement.is.digital.brwe.can.help.you.succeed,,,,,,,
a.single.tool.from.outreach.to.engaging.your.community,,,,,,,
paygage.is.the.most.convenient.and.safest.choice.for.member.based.organizations.who.want.to.collect.online.payments,,,,,,,
our.payment.solutions.provide.fast.painless.and.secure.way.to.collect.money.and.bill.your.communities,,,,,,,
all.in.one.solution,,,,,,,
built.in.mobile.apps,,,,,,,
easy.to.use.for.everyone,,,,,,,
set.up.your.eventbr.for.success,,,,,,,
easily.create.beautiful.event.pages.optimized.for.maximum.conversion.that.match.your.branding,,,,,,,
set.up.vip.and.other.tickets.offer.coupons.or.early.bird.pricing,,,,,,,
choose.supported.payment.options.and.customize.the.registration.form.to.collect.all.the.information.you.need.in.the.eventbank.crm,,,,,,,
a.single.tool.from.outreach.to.engaging.your.members,,,,,,,
join.thousands.of.organizations.engaging.with.their.members.in.a.new.way,,,,,,,
view.all.case.studies,,,,,,,
key.features,,,,,,,
run.span.classlineinssuccessfulinsspan.online.offline.events,,,,,,,
plan.promote.and.execute.one.or.hundreds.of.onlineoffline.events.of.any.size.efficiently.from.start.to.finish.with.award.winning.solution,,,,,,,
save.time.increase.engagement,,,,,,,
increase.productivity.and.simplify.whole.event.operations.from.the.very.first.idea.to.follow.up.with.your.attendees.after.the.event.all.while.learning.deep.insights.on.every.attendee,,,,,,,
ultimate.event.management.toolkit.that.has.everything.you.need.to.run.successful.events,,,,,,,
one.app.for.you.to.manage.events.from.anywhere.and.one.app.for.your.event.community.to.stay.connected,,,,,,,
event.setup,,,,,,,
ready.set.go.br.that.easy,,,,,,,
easily.create.branded.event.pages.optimized.for.maximum.conversion.set.up.vip.and.other.tickets.offer.coupons.or.special.pricing,,,,,,,
choose.payment.options.and.customize.registration.forms.to.collect.the.information.you.need.automatically,,,,,,,
event.marketing,,,,,,,
promote.events.in.a.few.clicks,,,,,,,
streamline.your.email.marketing.and.send.newsletters.branded.event.invitations.and.other.emails.in.few.clicks.or.create.your.own.campaigns.using.easy.dragdrop.or.html.editor,,,,,,,
event.surveys,,,,,,,
drag.drop.editor.and.custom.html,,,,,,,
clients.save.up.to.span.classlineins80insspan.time.on.creating.and.promoting.events.with.span.stylecolor0d62feglue.upspan,,,,,,,
manage.your.events.from.anywhere,,,,,,,
collect.registrations.accept.payments.facilitate.smooth.check.ins.and.print.badges.onsite.directly.from.your.phone,,,,,,,
with.the.manager.app.or.from.the.platform.you.can.do.so.even.at.multiple.events.happening.simultaneously,,,,,,,
live.engagement.analytics,,,,,,,
event.engagement,,,,,,,
help.business.happen.at.your.events,,,,,,,
enable.your.attendees.to.create.and.share.their.own.digital.business.cards.manage.connections.they.make.at.events.and.effectively.network.with.everyone.no.matter.where.they.are,,,,,,,
private.public.groups,,,,,,,
business.cards.exchange,,,,,,,
attendee.app,,,,,,,
impress.attendees.with.a.free.event.app,,,,,,,
make.your.events.unforgettable.and.enable.attendees.to.check.in.using.built.in.event.app,,,,,,,
give.them.access.to.all.event.information.including.agendas.speaker.bios.event.presentations.real.time.updates.and.ability.to.network.before.during.and.after.the.event,,,,,,,
digital.business.card,,,,,,,
event.room,,,,,,,
run.webinars.and.other.online.events.from.an.all.in.one.platform,,,,,,,
and.provide.your.attendees.with.premium.and.seamless.experience.that.gives.them.access.to.presentations.agenda.as.well.as.ability.to.connect.and.chat.with.other.attendees,,,,,,,
learn.more.about.event.management.and.glue.up,,,,,,,
see.your.membersbrhear.your.membersbrspan.classlineinsspeakinsspan.your.members,,,,,,,
see.it.in.action,,,,,,,
learn.more.about.membership.management.and.glue.up,,,,,,,
span.classlineinstransform.insspan.your.community.engagement,,,,,,,
connecting.with.your.community.is.more.important.than.ever.enable.them.to.thrive.no.matter.where.they.are.with.the.most.powerful.solution.on.the.market,,,,,,,
business.never.sleepsbr.neither.should.your.community,,,,,,,
give.your.members.a.digital.place.where.they.can.connect.with.you.and.your.mission.365.days.a.year.even.when.meeting.face.to.face.isnt.possible,,,,,,,
an.all.in.one.software.that.helps.you.build.manage.engage.and.understand.every.member.of.your.community,,,,,,,
reach.members.where.they.are,,,,,,,
one.app.for.you.to.manage.your.operations.from.anywhere.and.one.app.for.your.members.to.stay.connected,,,,,,,
provide.your.community.a.hub.where.they.can.share.their.ideas.discuss.various.topic.and.stay.social.even.when.meeting.in.person.is.not.an.option,,,,,,,
memberbrdirectory,,,,,,,
broadcastings,,,,,,,
span.stylecolor0d62feglue.upspan.clients.are.reporting.span.classlineins3xinsspan.increase.in.engagement,,,,,,,
networking,,,,,,,
free.member.app,,,,,,,
private.discussions,,,,,,,
make.it.your.business.to.enable.everyone.in.your.community.develop.lasting.relationships.with.you.and.each.other.via.1.on.1.chats.with.option.to.share.business.cards,,,,,,,
privacy.settings,,,,,,,
from.small.associations.and.non.profits.to.large.chambers.of.commerce.with.dozens.of.chapters.our.clients.in.50.countries.around.the.world.love.engaging.their.members.all.in.one.with.glue.up,,,,,,,
admin.controls,,,,,,,
define.rules.of.engagement,,,,,,,
full.moderation,,,,,,,
post.broadcastings,,,,,,,
engagement.analytics,,,,,,,
make.it.your.business.to.enable.every.member.in.your.community.to.develop.lasting.relationships,,,,,,,
with.you.and.each.other.via.1.on.1.chats.with.option.to.share.business.cards.and.premium.networking.features,,,,,,,
understand.engagement.with.your.members,,,,,,,
get.immediate.insights.into.your.members.activities.from.events.email.marketing.finance.and.more.in.the.real.time.and.use.what.you.learn.to.make.smarter.decisions,,,,,,,
run.webinars.and.other.online.events.from.all.in.one.platform,,,,,,,
provide.your.attendees.with.premium.and.seamless.experience.that.gives.them.access.to.presentations.agenda.as.well.as.ability.to.connect.and.chat.with.other.attendees,,,,,,,
community.br.management.suite,,,,,,,
learn.more.about.community.engagement.and.glue.up,,,,,,,
retain.and.span.classlineinsgrowinsspan.your.member.community,,,,,,,
automate.operationsbr.increase.engagement,,,,,,,
new.members,,,,,,,
gain.new.members.effortlessly,,,,,,,
provide.custom.online.application.forms.and.several.membership.types.to.easily.bring.prospective.members.in.the.door,,,,,,,
information.is.automatically.synchronized.across.the.platform.from.the.very.start.of.the.application.process,,,,,,,
digital.member.applications,,,,,,,
retention,,,,,,,
manage.renewals.automatically,,,,,,,
drive.revenue.with.membership.renewal.workflows.designed.to.maximize.your.productivity.and.retention,,,,,,,
quickly.find.outstanding.payments.and.send.renewal.reminders.with.automated.emails.and.push.notifications,,,,,,,
customizable.renewal.workflows,,,,,,,
with.span.stylecolor0d62feglue.upspan.members.stick.around.braverage.retention.rate.of.our.clients.is.span.classlineins82insspan,,,,,,,
run.one.or.hundred.events.from.a.to.z,,,,,,,
set.up.vip.and.other.tickets.offer.coupons.or.member.pricing.choose.supported.payment.options.and.customize.the.registration.form.to.collect.all.the.information.you.need.in.the.glue.up.crm,,,,,,,
send.email.campaigns.in.a.few.clicks,,,,,,,
manage.your.community.from.anywhere,,,,,,,
oversee.operations.from.anywhere.manage.registrations.collect.payments.engage.with.members.and.facilitate.smooth.check.ins.onsite.to.carry.out.successful.events,,,,,,,
membership.br.management.suite,,,,,,,
glue.upspan.stylecolor0d62fe.span.zoom.span.classlineinsintegration.insspan,,,,,,,
automate.operations.increase.engagement,,,,,,,
business.never.sleeps.neither.should.your.community,,,,,,,
glue.upspan.stylecolor0d62fe.span.xero.span.classlineinsintegration.insspan,,,,,,,
thank.span.classlineins.youinsspan,,,,,,,
if.you.are.looking.for.more.quality.content.here.are.some.articles.from.our.blog.you.might.enjoy,,,,,,,
what.makes.our.solutions.special,,,,,,,
a.successful.partnership.starts.with.a.great.software.that.works.for.both.you.and.your.community,,,,,,,
aultimate.platform.that.has.everything.you.need.to.run.successful.events.manage.memberships.and.more,,,,,,,
one.app.for.you.to.manage.operations.from.anywhere.and.one.app.for.your.community.to.stay.connected,,,,,,,
automate.the.busywork,,,,,,,
glue.ups.all.in.one.software.automates.repetitive.tasks.so.you.can.get.back.to.growing.your.community,,,,,,,
becoming.a.glue.up.client,,,,,,,
get.a.demo,,,,,,,
or.at.your.preferred.time.later.in.a.week,,,,,,,
review.proposal.and.e.sign.agreement,,,,,,,
after.your.personal.demo.is.over.we.will.prepare.a.tailor.made.proposal.for.your.organization.the.same.day,,,,,,,
if.all.looks.good.we.will.send.you.an.e.agreement.for.signing,,,,,,,
going.live,,,,,,,
you.can.begin.creating.events.running.memberships.and.collecting.payments.in.no.time,,,,,,,
faq,,,,,,,
frequently.asked.questions,,,,,,,
will.i.be.billed.monthly.or.annually,,,,,,,
all.contracts.are.billed.annually.by.default,,,,,,,
however.if.you.want.to.use.us.just.for.one.eventwebinar.or.a.special.project.we.can.come.up.with.a.pricing.that.will.suit.your.needs.better,,,,,,,
is.my.data.safe.with.glue.up,,,,,,,
confidentiality.and,,,,,,,
is.our.number.one.priority,,,,,,,
the.platform.has.sophisticated.security.features.and.follows.all.latest.data.regulations.like.gdpr.so.you.and.your.community.are.always.protected,,,,,,,
what.happens.if.i.exceed.the.agreed.plan,,,,,,,
you.can.easily.get.in.touch.with.your.customer.success.manager.to.increase.the.limits,,,,,,,
add.ons.and.limit.upgrades.for.events.emails.admins.contacts.or.integrations.can.be.purchased.at.any.time,,,,,,,
does.glue.up.integrate.with.my.website,,,,,,,
we.provide.customizable.widgets.that.you.can.embed.anywhere.on.the.internet,,,,,,,
we.can.also.help.you.with.access.to.our.api.and.webhooks.so.you.can.integrate.with.our.software.just.the.way.you.need,,,,,,,
you.can.also.sign.up.for.our,,,,,,,
professional.website.solution,,,,,,,
that.has.all.the.glue.up.integrations.built.in.already,,,,,,,
who.should.i.contact.if.i.have.more.questions,,,,,,,
please.email.a.hrefmailtosalesglueup.comsalesglueup.coma.or.reach.out.via.live.chat.in.the.right.corner.of.the.website.for.any.questions.you.might.have,,,,,,,
what.happens.after.i.sign.the.agreement,,,,,,,
your.customer.success.manager.will.immediately.create.your.glue.up.account.and.get.in.touch.to.jumpstart.your.onboarding.process,,,,,,,
you.will.receive.a.personal.kick.off.call.and.training.to.get.you.up.and.running.as.soon.as.possible.most.glue.up.clients.go.live.in.less.than.a.week.after.signing.the.agreement,,,,,,,
what.type.of.support.can.i.expect,,,,,,,
once.on.board.you.will.gain.access.to.glue.ups.online.helpdesk.with.how.to.articles.faqs.practical.tutorials.and.manuals,,,,,,,
you.can.also.sign.up.for.regular.webinars.to.get.tips.on.how.to.get.the.maximum.from.the.platform,,,,,,,
and.if.you.still.have.some.questions.you.can.contact.us.via.live.chat.email.or.phone,,,,,,,
for.larger.clients.our.dedicated.customer.success.managers.are.ready.to.help.you,,,,,,,
who.uses.glue.up,,,,,,,
our.cloud.based.management.solutions.are.used.by.organizations.of.all.sizes.in.more.than.50.countries.around.the.world,,,,,,,
they.range.from.multinational.enterprises.and.event.agencies.through.chambers.of.commerce.and.associations.to.start.ups.and.nonprofit.organizations,,,,,,,
where.does.glue.up.work,,,,,,,
we.are.a.global.company.headquarted.in.the.us.we.provide.cloud.solutions.in.multiple.languages.and.dont.know.any.physical.borders,,,,,,,
we.currently.maintain.over.10.offices.around.the.world.check.out.our,,,,,,,
offices,,,,,,,
request.a.demo.anywhere.on.this.website.and.well.show.you.our.platform.in.a.customized.demo.right.away,,,,,,,
with.the.help.of.your.dedicated.customer.success.manager.well.get.you.onboarded.and.trained.quickly,,,,,,,
whats.more.you.can.have.new.website.up.and.running.in.less.than.a.week,,,,,,,
a.glue.up.expert.will.be.in.touch.with.you.shortly,,,,,,,
in.the.meantime.discover.what.you.can.do.with.our.powerful.all.in.one.solutions.and.read.our.latest.thinking,,,,,,,
if.you.need.to.contact.us.immediately.please.reach.out.via.the.live.chat.in.the.right.corner.of.the.screen.or,,,,,,,
call.one.of.our.offices,,,,,,,
becoming.glue.up.client,,,,,,,
lets.dobr.business.span.classlineinstogetherinsspan,,,,,,,
get.quote,,,,,,,
virtual.events,,,,,,,
virtual.event.management.suite,,,,,,,
donations,,,,,,,
review.plans,,,,,,,
much.more.than.span.classlineinssoftwareinsspan,,,,,,,
our.mission,,,,,,,
our.vision,,,,,,,
to.create.a.world.where.every.person.and.organization.uses.our.technology.to.span.classlineins.create.opportunities.insspan.for.success,,,,,,,
our.values,,,,,,,
innovative,,,,,,,
passionate,,,,,,,
solution.driven,,,,,,,
professional,,,,,,,
collaborative,,,,,,,
respectful,,,,,,,
diverse,,,,,,,
were.always.developing.new.ideas.and.effective.tools.to.strengthen.relationships.for.all.people.in.all.communities,,,,,,,
the.love.for.what.we.do.flows.through.our.veins.we.celebrate.our.achievements.often.to.strengthen.our.personal.and.professional.relationships,,,,,,,
we.keep.moving.to.get.things.done.we.work.efficiently.methodically.and.do.not.let.obstacles.get.in.our.way,,,,,,,
we.have.high.ethical.standards.are.accountable.for.our.work.and.ensure.our.communities.successes.are.at.the.center.of.what.we.do,,,,,,,
we.believe.in.the.power.of.people.working.together.and.that.begins.with.us.as.we.build.on.opportunities.and.share.our.successes,,,,,,,
we.listen.with.care.act.with.kindness.and.express.ourselves.openly.with.integrity,,,,,,,
we.bring.people.together.embracing.all.backgrounds.and.perspectives.to.enrich.every.aspect.of.our.organization.and.the.communities.we.work.with,,,,,,,
consultancy.firm.event.management.software,,,,,,,
demonstrate.brthought.leadership.brand.span.classlineinsinfluenceinsspan.decision.making,,,,,,,
engage.with.clients.and.accelerate.growth.with.glue.ups.all.in.one.engagement.software,,,,,,,
why.consulting.firms.brstick.with.glue.up,,,,,,,
an.all.in.one.software.built.to.accelerate.your.growth.and.increase.business.value,,,,,,,
demonstrate.thought.leadership,,,,,,,
influence.decision.making.by.creating.various.engagement.programs.and.events,,,,,,,
efficient.and.impactful.events.of.any.size,,,,,,,
provide.a.seamless.event.experience.to.your.members.and.attendees,,,,,,,
actively.reach.and.engage.with.clients,,,,,,,
design.engaging.online.and.offline.events.that.enriches.relationships.with.your.clients,,,,,,,
manage.engagement.all.in.one,,,,,,,
a.powerful.all.in.one.software.with.the.best.event.management.email.marketing.finance.analytics.and.mobile.apps,,,,,,,
with.glue.up.we.automate.the.busywork.so.you.can.expand.your.business,,,,,,,
amplify.expertise.and.be.a.trusted.resource,,,,,,,
create.meaningful.content.that.provides.high.touch.experiences.that.influence.decision.making,,,,,,,
content.editor,,,,,,,
brand.consistency,,,,,,,
member.only.subscription,,,,,,,
all.in.one.event.management.software,,,,,,,
manage.hundreds.of.events.large.and.small.efficiently.from.the.initial.idea.to.the.follow.up.after.the.event.and.deliver.premium.event.experience.to.your.members.and.attendees,,,,,,,
professional.event.templates,,,,,,,
event.community,,,,,,,
targeted.campaigns,,,,,,,
post.event.survey,,,,,,,
data.analytics,,,,,,,
understand.client.behavior.and.overall.engagement.at.an.individual.or.account.level,,,,,,,
industry.segmentation,,,,,,,
sales.forecast,,,,,,,
opportunity.stages,,,,,,,
training.development.management.software,,,,,,,
span.classlineinstransforminsspan.your.brtraining.programs.brwith.ease,,,,,,,
streamline.processes.and.build.your.credibility.with.an.all.in.one.engagement.software.built.for.training.companies,,,,,,,
why.td.companies.stick.with.glue.up,,,,,,,
an.all.in.one.software.that.brings.your.training.programs.and.engagement.to.the.center.of.attention,,,,,,,
efficiently.manage.learning.programs,,,,,,,
build.and.maintain.an.online.business.directory.that.gives.access.to.exclusive.resources,,,,,,,
bring.members.extra.value,,,,,,,
manage.organize.and.facilitate.learning.courses.with.an.all.in.one.platform,,,,,,,
develop.a.seamless.and.strong.learning.culture,,,,,,,
enhance.the.learner.experience.through.a.variety.of.content.live.events.webinars.and.other.resources,,,,,,,
improve.membership.value,,,,,,,
reinforce.reputation.and.thought.leadership.by.helping.your.members.achieve.their.career.goals,,,,,,,
provide.flexible.pricing,,,,,,,
customize.pricing.to.fit.members.and.non.members.provide.discounts.coupons.or.promotional.bundles,,,,,,,
with.glue.up.we.automate.the.busywork.so.you.can.focus.on.delivering.strong.training.programs,,,,,,,
program.management,,,,,,,
deliver.continuing.education.programs,,,,,,,
produce.cpdcpe.accredited.programs.that.meet.requirements.set.by.governing.bodies.so.members.can.instantly.realize.value.from.their.commitment,,,,,,,
create.an.engaging.learning.experience,,,,,,,
manage.hundreds.of.programs.large.and.small.efficiently.from.the.initial.idea.to.the.follow.up.and.deliver.premium.experience,,,,,,,
branded.invitations,,,,,,,
scalable.continuing.education,,,,,,,
offer.multiple.learning.opportunities.across.all.industries,,,,,,,
whether.it.is.offline.online.or.pre.recorded.course.monetize.your.knowledge.and.expertise,,,,,,,
webinars,,,,,,,
digital.certificates,,,,,,,
learn.more.about.chambers.of.commerce.and.glue.up,,,,,,,
conference.management.software,,,,,,,
create.a.unique.event.experience.span.classlineinsevery.timeinsspan,,,,,,,
streamline.processes.and.manage.your.events.with.an.all.in.one.engagement.software.built.for.professional.conference.organizers,,,,,,,
why.event.professionalsbr.stick.with.glue.up,,,,,,,
an.all.in.one.event.management.software.built.for.online.and.offline.events.of.any.type.or.size,,,,,,,
run.events.from.one.place,,,,,,,
manage.your.entire.event.marketing.and.gather.actionable.insight.with.an.all.in.one.software,,,,,,,
create.engaging.events.that.connect.people,,,,,,,
design.engaging.online.and.offline.events.that.enriches.relationships.within.your.communities,,,,,,,
measure.event.performance.and.roi,,,,,,,
replace.the.guessing.game.with.real.ways.to.demonstrate.the.success.of.your.event,,,,,,,
give.your.event.community.a.digital.place.where.they.can.share.their.ideas.discuss.various.topic.and.stay.social.even.when.meeting.in.person.is.not.an.option,,,,,,,
with.glue.up.you.can.plan.promote.execute.and.evaluate.all.kinds.of.events.in.just.minutes,,,,,,,
transform.online.and.offline.event.experience,,,,,,,
easily.scale.up.your.reach.and.transform.events.to.premium.event.experience.you.event.community.will.love,,,,,,,
digital.business.cards.exchange,,,,,,,
event.dashboard,,,,,,,
evaluate.events.on.a.micro.level,,,,,,,
track.attendance.sponsorship.sales.event.roi.and.monitor.performance.of.your.events.in.real.time,,,,,,,
performance.metrics,,,,,,,
activity.timeline,,,,,,,
pl.tracking,,,,,,,
set.up.your.event.for.success,,,,,,,
customize.your.event.to.include.exactly.what.your.event.needs.from.conception.through.signup.to.survey,,,,,,,
learn.more.about.conference.management.and.glue.up,,,,,,,
financial.services.event.management.software,,,,,,,
grow.and.span.classlineinsengageinsspanbr.your.client.base,,,,,,,
build.connections.with.clients.at.all.stages.and.gain.investors.trust.with.glue.ups.all.in.one.engagement.software,,,,,,,
why.financial.servicesbr.stick.with.glue.up,,,,,,,
an.all.in.one.software.to.help.you.build.strong.relationship.with.your.clients,,,,,,,
brand.building.and.business.development,,,,,,,
scale.connections.with.clients.at.all.stages.of.investment.and.gain.investor.trust.by.offering.valuable.firm.expertise.and.thought.leadership,,,,,,,
be.the.preferred.source.of.key.market.information.and.influence.decision.making.by.creating.various.engaging.programs,,,,,,,
provide.the.best.attendee.experience.possible,,,,,,,
design.engaging.online.and.offline.events.that.enriches.relationships.within.your.clients,,,,,,,
understand.engagement.and.optimize.your.strategy,,,,,,,
view.immediate.engagement.scores.that.measure.overall.engagement.of.your.clients,,,,,,,
with.glue.up.we.manage.the.busywork.so.you.can.focus.on.growing.and.engaging.with.your.client.base,,,,,,,
campaigns,,,,,,,
grow.your.business.and.amplify.engagement,,,,,,,
create.meaningful.relationships.by.providing.high.touch.experiences.that.drive.business.growth,,,,,,,
email.marketing,,,,,,,
campaign.performance.analytics,,,,,,,
member.only.subscriptions,,,,,,,
transform.online.brand.offline.event.experience,,,,,,,
make.your.data.really.work.for.you,,,,,,,
association.management.software,,,,,,,
engage.and.span.classlineinsretaininsspanbr.your.members,,,,,,,
streamline.processes.and.manage.your.membership.journey.with.an.all.in.one.engagement.software.built.for.associations,,,,,,,
why.associationsbr.stick.with.glue.up,,,,,,,
an.all.in.one.software.that.brings.your.communities.and.engagement.to.the.center.of.attention,,,,,,,
reinforce.leadership.by.creating.engaging.programs.that.drive.membership.value,,,,,,,
understand.engagement.and.optimize,,,,,,,
get.immediate.engagement.scores.that.measure.overall.engagement.of.your.members,,,,,,,
drive.revenue.with.membership.and.sponsorship,,,,,,,
procure.robust.channels.to.drive.revenue.for.membership.applications.renewals.and.sponsorship,,,,,,,
manage.your.operations.anywhere,,,,,,,
a.powerful.all.in.one.manager.app.that.allows.you.to.impact.your.members.from.anywhere,,,,,,,
with.glue.up.we.automate.the.busywork.so.you.can.focus.on.growing.your.association,,,,,,,
member.journey,,,,,,,
automate.your.membership.workflows,,,,,,,
improve.your.membership.management.workflows.and.maximize.retention.with.automated.renewal.notices.and.membership.application.processes,,,,,,,
auto.generated.invoices,,,,,,,
customizable.dashboard,,,,,,,
create.an.engaging.online.and.offline.events,,,,,,,
community.engagement,,,,,,,
maximize.member.engagement,,,,,,,
give.your.members.a.place.where.they.can.connect.with.you.and.your.mission.365.days.a.year.even.when.meeting.face.to.face.isnt.possible,,,,,,,
membership.dashboard,,,,,,,
community.groups,,,,,,,
direct.messaging,,,,,,,
chamber.of.commerce.management.software,,,,,,,
build.a.strongbr.span.classlineinsbusinessinsspan.community,,,,,,,
streamline.processes.and.manage.your.membership.journey.with.an.all.in.one.engagement.software.built.for.chambers.of.commerce,,,,,,,
why.chambers.of.commerce.stick.with.glue.up,,,,,,,
an.all.in.one.software.that.brings.your.business.communities.and.member.engagement.to.the.center.of.attention,,,,,,,
build.an.engaged.community,,,,,,,
engagement.data.and.analytics,,,,,,,
view.immediate.engagement.scores.that.measure.overall.engagement.of.your.members,,,,,,,
drive.revenue.from.sponsorship,,,,,,,
procure.robust.channels.to.drive.revenue.for.sponsors.to.reach.and.engage.with.your.members,,,,,,,
manage.operations.from.anywhere,,,,,,,
with.glue.up.we.automate.the.busywork.so.you.can.focus.on.growing.your.chamber.of.commerce,,,,,,,
simplify.application.and.renewal.processes,,,,,,,
improve.and.simplify.your.membership.management.workflows.and.maximize.retention.with.automated.renewal.notices.and.membership.application.processes,,,,,,,
host.engaging.online.and.offline.events,,,,,,,
member.engagement.hub,,,,,,,
improve.member.retention,,,,,,,
connect.with.your.members.on.a.personal.level.by.giving.them.the.power.to.engaged.with.your.business.community,,,,,,,
member.benefits,,,,,,,
event.information,,,,,,,
corporation.marketing.automation.software,,,,,,,
grow.your.businessbr.and.span.classlineinsengageinsspan.at.anbr.all.new.level,,,,,,,
streamline.processes.and.transform.client.engagement.strategies.with.an.all.in.one.software.built.for.corporations,,,,,,,
why.corporations.brstick.with.glue.up,,,,,,,
an.all.in.one.software.built.to.help.you.manage.your.operations.and.make.smarter.business.decisions,,,,,,,
nurture.leads.and.accelerate.sales.pipeline,,,,,,,
get.immediate.insights.on.your.contacts.and.convert.them.into.high.value.leads,,,,,,,
stay.lean.and.grow.your.business,,,,,,,
identify.your.revenue.targets.create.new.opportunities.and.accelerates.the.sales.cycles,,,,,,,
run.efficient.and.impactful.events.of.any.size,,,,,,,
marketing.automation.software,,,,,,,
with.glue.up.we.automate.the.busywork.so.you.can.focus.on.growing.your.business,,,,,,,
ultimate.marketing.toolkit.connected.with.other.powerful.features,,,,,,,
expand.your.business,,,,,,,
create.meaningful.connections.by.curating.engaging.programs.that.drives.business.growth,,,,,,,
healthy.sender.score,,,,,,,
cybersecurity.law.compliance,,,,,,,
understand.customer.behavior,,,,,,,
non.profit.community.management.software,,,,,,,
focus.on.your.organizations.greater.span.classlineinsmissioninsspan,,,,,,,
streamline.your.processes.amplify.engagement.and.collect.donations.with.an.all.in.one.engagement.software.built.for.non.profit.organizations,,,,,,,
why.non.profits.brstick.with.glue.up,,,,,,,
an.all.in.one.non.profit.engagement.software.that.brings.your.projects.and.advocacies.to.the.center.of.attention,,,,,,,
drive.community.engagement,,,,,,,
increase.your.organizations.value.with.meaningful.engagement.that.reinforces.reputation.and.thought.leadership,,,,,,,
build.strong.relationships.and.maximize.retention,,,,,,,
create.meaningful.relationship.with.supporters.that.nurture.long.term.relationships.and.sustained.support,,,,,,,
collect.donations.effortlessly,,,,,,,
save.even.more.time.by.automating.tasks.that.are.crucial.to.keep.your.members.happy.and.collect.money.easily,,,,,,,
find.your.best.advocates,,,,,,,
know.which.supporters.are.most.engaged.and.create.opportunities.for.success,,,,,,,
with.glue.up.we.automate.the.busywork.so.you.can.focus.on.your.greater.mission.and.create.more.opportunities.for.your.communities,,,,,,,
streamline.your.processes.and.engagement,,,,,,,
organize.analyze.and.strategically.implement.programs.with.your.supporters.to.maintain.and.grow.those.relationships,,,,,,,
event.managament,,,,,,,
help.build.and.strengthen.your.community,,,,,,,
create.meaningful.programs.and.connections.by.curating.engaging.programs.that.drive.support,,,,,,,
community.building,,,,,,,
amplify.member.engagement,,,,,,,
make.it.your.business.to.enable.your.community.to.build.lasting.relationships.and.thrive,,,,,,,
private.and.public.groups,,,,,,,
learn.more.about.non.profit.communities.and.glue.up,,,,,,,
full.name,,,,,,,
phone.number,,,,,,,
email.address,,,,,,,
were.here.to.help.please.fill.out.this.quick.form.and.well.get.back.to.you.shortly,,,,,,,
glue.up.span.classlineinsinsights.insspan,,,,,,,
blog.about.glue.up.and.online.communities,,,,,,,
get.the.latest.updates.in.your.inbox,,,,,,,
subscribe,,,,,,,
great.engagement.starts.span.classlineinshereinsspan,,,,,,,
forward.looking.teams.choose.glue.up,,,,,,,
read.more,,,,,,,
manage.your.operations,,,,,,,
bringing.members.value,,,,,,,
drive.revenue,,,,,,,
company.name,,,,,,,
website.url,,,,,,,
how.many.employees.do.you.have,,,,,,,
get.your.copy,,,,,,,
start.building.with.apis,,,,,,,
build.exactly.what.you.need.with.flexible.apis.and.webhooks,,,,,,,
ultimate.email.marketing.toolkit.connected.with.other.powerful.features,,,,,,,
contacts.pipeline,,,,,,,
privacy.security,,,,,,,
we.mean.it.when.we.say.its.span.classlineinsall.in.oneinsspan,,,,,,,
platform.modules,,,,,,,
manage.all.your.contacts.in.one.place.and.leverage.analytics,,,,,,,
give.your.community.a.digital.place.where.they.can.engage,,,,,,,
plan.promote.execute.and.evaluate.all.your.events,,,,,,,
automate.membership.processes.and.provide.members.premium.experience,,,,,,,
create.send.and.deliver.professional.email.campaigns.of.any.kind,,,,,,,
finance.invoicing,,,,,,,
streamline.all.your.finance.related.processes.and.grow.revenue,,,,,,,
get.things.done.from.an.idea.to.a.successful.completion,,,,,,,
find.answers.to.your.questions.with.surveys.quizzes.and.polls,,,,,,,
manage.and.scale.up.your.trainings.and.certification.courses,,,,,,,
website,,,,,,,
upgrade.your.online.presence.with.a.fully.integrated.website,,,,,,,
connect.the.tools.you.love.and.use.every.day.with.glue.up,,,,,,,
payments,,,,,,,
facilitate.online.and.offline.payments.connected.to.everything.else,,,,,,,
provide.attendees.and.members.mobile.app.to.engage.anywhere,,,,,,,
manager.up,,,,,,,
manage.your.operations.and.stay.in.the.know.on.the.go,,,,,,,
a.payment.gateway.built.for.professional.communities,,,,,,,
message,,,,,,,
solution,,,,,,,
the.price.is.right,,,,,,,
our.pricing.is.value.based.to.reflect.the.diverse.needs.of.organizations.we.work.with,,,,,,,
get.a.quote,,,,,,,
online.and.offline.events,,,,,,,
plan.promote.execute.and.evaluate.one.or.hundreds.of.events.from.start.to.finish,,,,,,,
understand.your.audience.by.having.all.contact.information.and.activities.centralized.in.one.place,,,,,,,
emails,,,,,,,
send.newsletters.branded.event.invitations.and.other.emails.in.a.few.clicks.and.track.performance,,,,,,,
collect.money.effortlessly.and.stay.up.to.date.with.your.financial.performance.in.real.time,,,,,,,
make.smart.decisions.faster.by.having.a.complete.picture.of.your.performance.and.engagement,,,,,,,
one.app.for.you.to.manage.your.organization.from.anywhere.one.app.for.your.attendees.members,,,,,,,
one.tool.to.manage.the.whole.event.lifecycle,,,,,,,
start.using.the.best.technology.to.engage.with.your.community,,,,,,,
learning.management.suite,,,,,,,
a.single.tool.from.outreach.to.engaged.members,,,,,,,
simplify.your.processes.take.the.time.to.span.classlineinsbuildinsspan.powerful.connections,,,,,,,
a.new.payment.gateway.for.communities.built.for.engagement,,,,,,,
log.in,,,,,,,
formerly,,,,,,,
why.glue.up,,,,,,,
user.friendly.mobile.app.for.your.attendees.and.members,,,,,,,
manager.app,,,,,,,
manage.your.operations.and.stay.in.the.know.from.anywhere,,,,,,,
products,,,,,,,
additional.features,,,,,,,
white.labeling,,,,,,,
for.your.industry,,,,,,,
associations,,,,,,,
chambers.of.commerce,,,,,,,
conference.organizers,,,,,,,
corporations,,,,,,,
non.profits,,,,,,,
financial.services,,,,,,,
consultancy.firms,,,,,,,
training.development,,,,,,,
pricing,,,,,,,
about,,,,,,,
resources,,,,,,,
blog,,,,,,,
expert.insights.tips.and.articles.to.help.you.become.smarter,,,,,,,
partners,,,,,,,
become.glue.up.referral.or.reseller.partner,,,,,,,
case.studies,,,,,,,
whitepapers,,,,,,,
broaden.your.knowledge.with.industry.whitepapers,,,,,,,
academy,,,,,,,
elevate.your.skills.and.become.glue.up.certified,,,,,,,
register.for.our.upcoming.events.webinars.around.the.world,,,,,,,
media,,,,,,,
videos,,,,,,,
get.quick.help.with.tutorials.faqs.or.contact.us,,,,,,,
learn.about.how.we.protect.you.and.your.data,,,,,,,
were.here.for.you.get.in.touch.if.you.have.any.questions.or.feedback,,,,,,,
glue.up.app,,,,,,,
per.industry,,,,,,,
request.a.demo,,,,,,,
legal,,,,,,,
terms.conditions,,,,,,,
terms.conditions.for.users,,,,,,,
privacy.policy,,,,,,,
legal.notice,,,,,,,
gdpr,,,,,,,
company,,,,,,,
culture,,,,,,,
careers,,,,,,,
contact.us,,,,,,,
facebook,,,,,,,
twitter,,,,,,,
linked.in,,,,,,,
choose.your.language,,,,,,,
get.more.out.of.glue.up,,,,,,,
thank.you,,,,,,,
a.glue.up.expert.will.be.in.touch.with.you.shortly.if.you.need.to.contact.us.immediately.please.reach.out.via.live.chat.in.the.right.corner.of.the.screen,,,,,,,
latest.from.glue.up.blog,,,,,,,
eventbank.is.now.span.classfont.weight.boldglue.upspan.learn.why.we.have.changed.our.identity.and.what.it.means.to.you.and.your.community,,,,,,,
learn.more,,,,,,,
eventbank.is.now.span.classfont.weight.boldglue.upspan,,,,,,,
cloud.based,,,,,,,
user.centric,,,,,,,
the.americas,,,,,,,
africa.europe.the.middle.east.and.russia,,,,,,,
asia.and.the.pacific,,,,,,,
mexico.city,,,,,,,
opening.soon,,,,,,,
sâo.paulo,,,,,,,
nairobi,,,,,,,
mirage.towers.waiyaki.way.br.westlands.floor.m2.br.nairobi.br.kenya,,,,,,,
aviamotornaya.street.8brmoscow,,,,,,,
1.bridgeway.road.bridgeways.precinctbrcentury.citybrcape.town.7441brsouth.africa,,,,,,,
istanbul,,,,,,,
göktürk.cad.no9.kat3.d13brneo.yaşam.iş.merkezi.göktürkbristanbul.turkey,,,,,,,
room.3.1.tower.dbrguanghualu.soho2brno.9.guanghua.roadbrchaoyang.districtbrbeijing.100020,,,,,,,
9th.floor.tower.bbrchina.overseas.buildingbr838.s.huangpi.roadbrhuangpu.districtbrshanghai.200025,,,,,,,
10f.yf.life.towerbr33.lockhart.road.unit.7114brwanchai.hong.kong,,,,,,,
the.plaza.office.tower.41fbrjl.m.h.thamrin.kav.28.30brjakarta.10350brindonesia,,,,,,,
5.yongmasan.ro.32.gilbrgwangjin.gubrseoul.04938brsouth.korea,,,,,,,
928.arnaiz.avenuebrbarangay.san.lorenzobrmakati.citybrmanila.1223brphilippines,,,,,,,
9.battery.roadbrmyp.centrebroffice.27.107brsingapore.049910,,,,,,,
43.residency.rd.shanthala.nagarbrashok.nagar.bengalurubrkarnataka.560025.india,,,,,,,
we.use.cookies.to.make.glue.ups.website.better.cookies.help.to.provide.a.more.personalized.and.relevant.experience.for.you.and.web.analytics.for.us,,,,,,,
to.learn.more.and.to.see.a.full.list.of.cookies.we.use.check.out.our,,,,,,,
cookie.policy,,,,,,,
i.agree,,,,,,,
organizations.terms,,,,,,,
user.terms,,,,,,,
follow.us,,,,,,,
language,,,,,,,
own.your.eventsbrbefore.during.and.after,,,,,,,
set.manage.and.utilize.your.your.data.the.way.you.want.it,,,,,,,
manage.the.whole.event.lifecycle,,,,,,,
choose.supported.payment.options.and.customize.the.registration.forms.to.collect.all.the.information.you.need.in.the.eventbank.crm,,,,,,,
invite.specific.contacts.or.tell.the.world.about.your.event,,,,,,,
create.different.registration.forms.for.each.and.collect.all.the.data,,,,,,,
recieve.your.attendees.in.your.best.shape,,,,,,,
checkin.and.what.not.done.well.here,,,,,,,
a.bit.more.sabout.checking.and.onsite.utilities.toolkit,,,,,,,
here.even.more.content.for.that,,,,,,,
take.control.over.the.event.in.real.time,,,,,,,
crate.experiences.that.long.past.the.event,,,,,,,
past.eevent.wording.ehre.lorem.ipsum,,,,,,,
is.it.over.yet,,,,,,,
store.all.the.data.into.your.crm.and.learn.who.is.who.in.your.campaigns.link.to.surveys.as.well,,,,,,,
go.beyond.payments,,,,,,,
learn.about.your.consumers.with.in.depth.reports,,,,,,,
be.always.in.known.about.financial.performance.of.every.activity.you.offer.and.never.lose.a.track.of.any.payment,,,,,,,
connect.the.dots.from.outreach.to.building.span.classlineinscommunitiesinsspan,,,,,,,
connecting.with.your.audience.is.more.important.than.ever.we.can.help.with.scalable.events.memberships.communities.and.payments,,,,,,,
want.to.learn.when.this.feature.will.be.available,,,,,,,
leave.your.information.and.our.sales.team.will.contact.you.with.more.information,,,,,,,
request.a.personalized.demo.of.glue.up.platform,,,,,,,
find.out.how.our.solutions.can.help.you.be.more.efficient,,,,,,,
your.glue.up.demo.is.on.its.way,,,,,,,
a.glue.up.expert.will.be.in.touch.with.you.shortly.in.the.meantime.here.is.more.information.about.our.process.so.you.know.what.to.expect,,,,,,,
getting.a.demo,,,,,,,
we.usually.reply.to.all.demo.requests.right.away.so.you.will.hear.from.one.of.our.local.colleagues.in.next.few.minutes,,,,,,,
after.your.personal.demo.is.over.we.will.prepare.a.tailor.made.proposal.if.all.looks.good.we.will.send.you.an.e.agreement.for.signing,,,,,,,
with.the.help.of.your.dedicated.customer.success.manager.well.get.you.onboarded.and.trained.quickly.you.can.begin.creating.events.running.memberships.and.collecting.payments.in.no.time,,,,,,,
if.you.need.to.contact.us.you.can.reach.out.via.the.live.chat.in.the.right.corner.of.our.website.or.a.hrefhttpsglueup.comcontactcall.any.of.our.global.offices.a,,,,,,,
alternatively.you.can.also.reply.to.this.email.with.any.questions.you.might.have,,,,,,,
we.are.looking.forward.to.speaking.with.you.shortly,,,,,,,
sincerely,,,,,,,
glue.up.team,,,,,,,